CountryCode,CO2YR2006,CO2YR2007,CO2YR2008,CO2YR2009,CO2YR2010,CO2YR2011,2012 [YR2012],2013 [YR2013],2014 [YR2014],FAYR2006,FAYR2007,FAYR2008,FAYR2009,FAYR2010,FAYR2011,2012 [YR2012],2013 [YR2013],2014 [YR2014]
,,,,,,,,,,,,,,,,,,
ARG,4.404525042,4.496833655,4.744178401,4.427960113,4.342272052,4.562048512,,,,298680,295500,292320,289140,285960,282992,280024,277056,
,,,,,,,,,,,,,,,,,,
AUS,17.29387382,17.46700225,17.70407968,17.63183305,16.71090435,16.51920992,,,,1267550,1258690,1249830,1240970,1232110,1235190,1238270,1241350,
,,,,,,,,,,,,,,,,,,
BRA,1.823133072,1.884034471,1.990428942,1.866522375,2.113414545,2.191393564,,,,5050788,5034236,5017684,5001132,4984580,4974740,4964900,4955060,
,,,,,,,,,,,,,,,,,,
CHN,4.892727098,5.153564017,5.311151855,5.778143184,6.172488876,6.710301991,,,,1945571.8,1960704.6,1975837.4,1990970.2,2006100,2021525,2036947,2052369,
,,,,,,,,,,,,,,,,,,
FRA,5.995893723,5.856547408,5.774521922,5.511405389,5.496706655,5.185043424,,,,159736,160862,161988,163114,164240,165370,166500,167630,
,,,,,,,,,,,,,,,,,,
DEU,9.782471109,9.489020532,9.525658763,8.803954839,9.179816838,8.917832846,,,,113890,113940,113990,114040,114090,114110,114130,114150,
,,,,,,,,,,,,,,,,,,
IND,1.294535658,1.365786853,1.497886363,1.619048654,1.584869945,1.662873483,,,,681252,685414,689576,693738,697900,699684,701468,703252,
,,,,,,,,,,,,,,,,,,
IDN,1.505337668,1.616659186,1.752149102,1.90009103,1.80860092,2.303780983,,,,971720,964870,958020,951170,944320,937476,930632,923788,
,,,,,,,,,,,,,,,,,,
ITA,8.072145596,7.917347216,7.60176497,6.795651486,6.83837457,6.702557614,,,,88128,88666,89204,89742,90280,90818,91356,91894,
,,,,,,,,,,,,,,,,,,
JPN,9.62737359,9.771475965,9.4229613,8.598621998,9.127185047,9.291834303,,,,249412,249474,249536,249598,249660,249644,249628,249612,
,,,,,,,,,,,,,,,,,,
MEX,3.99784272,4.055762037,4.126988108,3.857149599,3.752090816,3.876107611,,,,669660,668490,667320,666150,664980,664064,663148,662232,
,,,,,,,,,,,,,,,,,,
NLD,10.22316313,10.46844735,10.52945151,10.24561928,10.94931628,10.06448974,,,,3666,3682,3698,3714,3730,3736,3742,3748,
,,,,,,,,,,,,,,,,,,
RUS,11.67160861,11.67743817,12.01913064,11.02611624,12.19843743,12.64732823,,,,8100591.2,8113282.4,8125973.6,8138664.8,8151360,8150945.8,8150535.6,8150125.4,
,,,,,,,,,,,,,,,,,,
SAU,17.02356826,15.08749877,15.63931332,17.69022548,18.97762597,18.07245072,,,,9770,9770,9770,9770,9770,9770,9770,9770,
,,,,,,,,,,,,,,,,,,
ESP,7.88419571,7.920890716,7.16545181,6.216973378,5.815786526,5.790764234,,,,174751.1,176681.3,178611.6,180541.8,182470,182813.3,183154.7,183496,
,,,,,,,,,,,,,,,,,,
CHE,5.595605199,5.034944631,5.281605848,5.372291182,4.952499256,4.625229924,,,,12206,12242,12278,12314,12350,12388,12426,12464,
,,,,,,,,,,,,,,,,,,
TUR,3.807813745,4.094888791,4.055396583,3.898959122,4.121154855,4.383104516,,,,107702,108784,109866,110948,112030,113054,114078,115102,
,,,,,,,,,,,,,,,,,,
GBR,8.8973241,8.615489319,8.4377732,7.598999603,7.841653312,7.085732086,,,,30286,30362,30438,30514,30590,30760,30930,31100,
,,,,,,,,,,,,,,,,,,
USA,19.11613882,19.23746045,18.48923375,17.1923791,17.48479218,17.02021634,,,,3055496,3063422,3071348,3079274,3087200,3089950,3092700,3095450,
,,,,,,,,,,,,,,,,,,
AFG,0.065815968,0.088141054,0.158961558,0.24907353,0.302936388,0.425262105,,,,13500,13500,13500,13500,13500,13500,13500,13500,
,,,,,,,,,,,,,,,,,,
ALB,1.291547969,1.507535815,1.580113283,1.533178094,1.515632053,1.60703771,,,,7811.8,7799.6,7787.4,7775.2,7760,7753.4,7743.8,7734.2,
,,,,,,,,,,,,,,,,,,
DZA,2.990267154,3.189978037,3.205182841,3.428471639,3.309911831,3.316037892,,,,16124,16888,17652,18416,19180,19256,19332,19408,
,,,,,,,,,,,,,,,,,,
ASM,,,,,,,,,,178.5,178.1,177.8,177.5,180,176.8,176.4,176.1,
,,,,,,,,,,,,,,,,,,
ADO,6.553476545,6.350868305,6.296124556,6.049172848,6.12477049,5.96868547,,,,160,160,160,160,160,160,160,160,
,,,,,,,,,,,,,,,,,,
AGO,1.200877147,1.311096483,1.369424769,1.430873373,1.401654169,1.35400753,,,,589792,588544,587296,586048,584800,583552,582304,581056,
,,,,,,,,,,,,,,,,,,
ATG,5.096289552,5.561524699,5.628318688,5.906292005,6.011268671,5.823804338,,,,98,98,98,98,100,98,98,98,
,,,,,,,,,,,,,,,,,,
ARB,4.285594793,4.181153482,4.373573347,4.57525129,4.76491188,4.724499697,,,,469645.3,468612.2,467578.9,466545.8,465520,391507,389071.4,386635.8,
,,,,,,,,,,,,,,,,,,
ARM,1.459636908,1.694755259,1.868611029,1.469960972,1.422998378,1.671656923,,,,3318,3316,3314,3312,3310,3312,3314,3316,
,,,,,,,,,,,,,,,,,,
ABW,24.76670634,25.61371495,24.75013321,24.87670585,24.18270225,23.9224121,,,,4.2,4.2,4.2,4.2,0,4.2,4.2,4.2,
,,,,,,,,,,,,,,,,,,
AUT,8.733506631,8.405092793,8.262046031,7.608851293,8.127692863,7.769983423,,,,38528,38546,38564,38582,38600,38618,38636,38654,
,,,,,,,,,,,,,,,,,,
AZE,4.616299863,3.5553401,4.051383481,3.565668218,3.388225879,3.647379147,,,,9034.2,9296.4,9558.6,9820.8,10080,10345.2,10607.4,10869.6,
,,,,,,,,,,,,,,,,,,
BHR,20.01475859,21.44329552,21.51999548,18.13623374,18.43502476,17.94732981,,,,4.6,4.8,4.9,5.1,10,5.4,5.6,5.7,
,,,,,,,,,,,,,,,,,,
BGD,0.332345776,0.319840389,0.334439662,0.352155282,0.370359878,0.372017166,,,,14524,14498,14472,14446,14420,14394,14368,14342,
,,,,,,,,,,,,,,,,,,
BRB,4.986394706,5.178740847,5.871114076,5.833678079,5.430338453,5.580177618,,,,63,63,63,63,60,63,63,63,
,,,,,,,,,,,,,,,,,,
BLR,6.437868284,6.305628975,6.592748741,6.341938992,6.556549631,6.682510398,,,,84556,84752,84948,85144,85340,85539,85738,85937,
,,,,,,,,,,,,,,,,,,
BEL,10.12287933,9.71371759,9.699598963,9.634775755,9.989975524,8.849398302,,,,6756,6770,6784,6798,6810,6816.4,6820.8,6825.2,
,,,,,,,,,,,,,,,,,,
BLZ,1.488235638,1.536093806,1.473195826,1.495185156,1.721708659,1.670904302,,,,14115,14064.7,14014.5,13964.2,13910,13863.7,13813.5,13763.4,
,,,,,,,,,,,,,,,,,,
BEN,0.458607507,0.516298739,0.500183373,0.514277812,0.541771234,0.509962226,,,,47610,47110,46610,46110,45610,45110,44610,44110,
,,,,,,,,,,,,,,,,,,
BMU,8.070207523,7.968299223,5.955019687,7.095328783,7.320035624,6.07721021,,,,10,10,10,10,10,10,10,10,
,,,,,,,,,,,,,,,,,,
BTN,0.588329935,0.575767714,0.606778515,0.549145981,0.677145031,0.766205619,,,,26655.8,26755,26854.3,26953.6,27050,27152.2,27251.5,27350.8,
,,,,,,,,,,,,,,,,,,
BOL,1.586749065,1.318203858,1.412189336,1.459841011,1.547659087,1.599499039,,,,582290,577240,572190,567140,562090,559200,556310,553420,
,,,,,,,,,,,,,,,,,,
BIH,4.575983248,4.580386562,5.231546645,5.37188996,5.513993843,6.19665215,,,,21850,21850,21850,21850,21850,21850,21850,21850,
,,,,,,,,,,,,,,,,,,
BWA,2.450894169,2.435256168,2.530551369,2.192294586,2.555293381,2.323345006,,,,118246,117062,115878,114694,113510,112488,111466,110444,
,,,,,,,,,,,,,,,,,,
BRN,11.60411517,24.17840939,26.33827137,22.14902862,21.8732221,24.39201338,,,,3872,3854,3836,3818,3800,3800,3800,3800,
,,,,,,,,,,,,,,,,,,
BGR,6.357101164,6.916687364,6.778939404,5.729715977,5.966883548,6.71438251,,,,36682,36854,37026,37198,37370,37542,37714,37886,
,,,,,,,,,,,,,,,,,,
BFA,0.098340164,0.115429246,0.115427271,0.109774087,0.1076731,0.11998056,,,,58890,58290,57690,57090,56490,55892,55294,54696,
,,,,,,,,,,,,,,,,,,
BDI,0.022756803,0.02196433,0.021615102,0.020867637,0.020542078,0.021349926,,,,1954,2098,2242,2386,2530,2576,2622,2668,
,,,,,,,,,,,,,,,,,,
CPV,0.644052983,0.769548992,0.591177784,0.625391176,0.598231164,0.859061433,,,,838.9,841.9,844.9,847.9,850,860.5,870.2,879.8,
,,,,,,,,,,,,,,,,,,
KHM,0.221776426,0.253749445,0.285282402,0.292181175,0.291550731,0.308073152,,,,106036,104762,103488,102214,100940,99666,98392,97118,
,,,,,,,,,,,,,,,,,,
CMR,0.207631788,0.305805976,0.283310454,0.332458227,0.325727347,0.268091793,,,,207960,205760,203560,201360,199160,196960,194760,192560,
,,,,,,,,,,,,,,,,,,
CAN,16.89360819,17.05189953,16.36616459,15.08909766,14.58905354,14.13581338,,,,3475212,3474664,3474116,3473568,3473020,3472554,3472088,3471622,
,,,,,,,,,,,,,,,,,,
CSS,10.04397244,10.53809135,9.97153272,9.758620381,10.00450459,9.692960268,,,,345952.1,345797.2,345642.3,345487.4,345330,345153.3,344974.2,344795.2,
,,,,,,,,,,,,,,,,,,
CYM,9.675461741,11.32581585,11.22444969,10.33528599,10.17344935,10.30493107,,,,127,127,127,127,130,127,127,127,
,,,,,,,,,,,,,,,,,,
CAF,0.055087916,0.055850117,0.054828457,0.053809109,0.059398336,0.063127814,,,,223104,222948,222792,222636,222480,222324,222168,222012,
,,,,,,,,,,,,,,,,,,
CEB,7.233169307,7.269871547,7.152043954,6.521375215,6.839720052,6.911131207,,,,367256,368312,369368,370424,371480,372650,373820,374990,
,,,,,,,,,,,,,,,,,,
TCD,0.039049501,0.042863011,0.045756274,0.042689415,0.043462549,0.043830424,,,,60144,58878,57612,56346,55080,53814,52548,51282,
,,,,,,,,,,,,,,,,,,
CHI,,,,,,,,,,8,8,8,8,8,8,8,8,
,,,,,,,,,,,,,,,,,,
CHL,3.98128427,4.35156491,4.316439805,3.969434147,4.24672531,4.61644538,,,,160798,161176,161554,161932,162310,165318,168326,171334,
,,,,,,,,,,,,,,,,,,
COL,1.435823423,1.406899642,1.451147307,1.484764251,1.711390678,1.560629099,,,,598881.5,595749.4,592617.4,589485.3,586350,586086,585818.9,585551.7,
,,,,,,,,,,,,,,,,,,
COM,0.190925098,0.180694914,0.181858212,0.177475819,0.188940811,0.220233473,,,,414,408,402,396,390,386,382,378,
,,,,,,,,,,,,,,,,,,
CRI,1.647634719,1.85890149,1.880064504,1.693682921,1.665177867,1.704974495,,,,25138,25366,25594,25822,26050,26352,26654,26956,
,,,,,,,,,,,,,,,,,,
CIV,0.378474934,0.364908082,0.356768972,0.297496879,0.292351513,0.312877703,,,,104046,104042,104038,104034,104030,104026,104022,104018,
,,,,,,,,,,,,,,,,,,
HRV,5.219693694,5.5005,5.269158157,4.866616935,4.728821777,4.801530011,,,,19064,19098,19132,19166,19200,19204,19208,19212,
,,,,,,,,,,,,,,,,,,
CUB,2.430747165,2.374571685,2.696438401,2.646355786,3.392291813,3.172315091,,,,27440,27910,28380,28850,29320,29856,30392,30928,
,,,,,,,,,,,,,,,,,,
CUW,,,,,,,,,,,,,,,,,,
,,,,,,,,,,,,,,,,,,
CYP,7.429896031,7.702824917,7.929771311,7.438338502,6.983907546,6.735375823,,,,1728.5,1728.5,1728.5,1728.4,1730,1728.1,1727.8,1727.6,
,,,,,,,,,,,,,,,,,,
CZE,11.93120143,11.97429552,11.24012897,10.30516177,10.61336839,10.43108813,,,,26490,26510,26530,26550,26570,26590,26610,26630,
,,,,,,,,,,,,,,,,,,
DNK,10.11291416,9.20201511,8.547356106,8.05955954,8.394657734,7.248328717,,,,5635.8,5694.6,5753.4,5812.2,5870,5921.2,5971.4,6021.6,
,,,,,,,,,,,,,,,,,,
DJI,0.529872323,0.578051792,0.615968351,0.563399208,0.622346841,0.561940931,,,,56,56,56,56,60,56,56,56,
,,,,,,,,,,,,,,,,,,
DMA,1.556231433,2.123695176,1.81071091,1.807803366,1.906487557,1.746141565,,,,457.2,454.6,451.9,449.3,450,443.9,441.3,438.6,
,,,,,,,,,,,,,,,,,,
DOM,2.103236007,2.241251046,2.222311005,2.103476066,2.158413689,2.182907888,,,,16850,17180,17510,17840,18170,18502,18834,19166,
,,,,,,,,,,,,,,,,,,
ECU,2.066175813,2.203997908,2.064521305,2.355257087,2.293303404,2.354017387,,,,132565,131777.6,130990.3,130202.9,129420,128628.2,127840.8,127053.5,
,,,,,,,,,,,,,,,,,,
SLV,1.147251739,1.165689677,1.090169563,1.070009174,1.044537988,1.103998574,,,,3046,3002,2958,2914,2870,2826,2782,2738,
,,,,,,,,,,,,,,,,,,
GNQ,7.359918726,7.204040865,6.562117562,6.533815076,6.421061876,8.907241536,,,,16732,16614,16496,16378,16260,16144,16028,15912,
,,,,,,,,,,,,,,,,,,
ERI,0.130342391,0.131490396,0.092069391,0.111761081,0.109470529,0.108718365,,,,15496,15452,15408,15364,15320,15276,15232,15188,
,,,,,,,,,,,,,,,,,,
EST,12.02085298,14.05608572,13.08183443,11.04896311,13.77319664,14.04988252,,,,22484,22448,22412,22376,22340,22336,22332,22328,
,,,,,,,,,,,,,,,,,,
ETH,0.068835709,0.073120622,0.076668381,0.076906232,0.07559157,0.083943117,,,,128592,127184,125776,124368,122960,123366,123772,124178,
,,,,,,,,,,,,,,,,,,
EMU,8.258420033,8.130711421,7.9125701,7.310433287,7.420268336,7.132483,,,,995960.1,1000249.8,1004539.8,1008829.5,1013120,1015445.4,1017771.7,1020097.9,
,,,,,,,,,,,,,,,,,,
EUU,8.135652209,8.008063396,7.810485894,7.179203011,7.353037471,7.06979787,,,,1572379.9,1577372.4,1582365.2,1587357.7,1592350,1596042.6,1599735.1,1603427.5,
,,,,,,,,,,,,,,,,,,
FRO,13.98608391,14.18539476,12.97012071,11.8429021,12.9866782,11.72121175,,,,0.8,0.8,0.8,0.8,0,0.8,0.8,0.8,
,,,,,,,,,,,,,,,,,,
FJI,1.644275372,1.440917951,1.278570124,0.994392232,1.505259596,1.424813248,,,,9963.9,9955.1,9946.4,9937.7,9930,9977.6,10026.2,10074.8,
,,,,,,,,,,,,,,,,,,
FIN,12.57063845,12.09848186,10.65165217,9.958628519,11.53084023,10.1640461,,,,221580,221730,221880,222030,222180,222180,222180,222180,
,,,,,,,,,,,,,,,,,,
PYF,3.300898999,3.239386851,3.306029055,3.288268805,3.296763845,3.167952684,,,,1350,1400,1450,1500,1550,1550,1550,1550,
,,,,,,,,,,,,,,,,,,
GAB,1.478335179,1.381898977,1.39589453,1.423082894,1.455445622,1.418165749,,,,220000,220000,220000,220000,220000,222000,224000,226000,
,,,,,,,,,,,,,,,,,,
GEO,1.398262619,1.463156731,1.463855559,1.421607835,1.466701177,1.769150524,,,,27824.8,27924.6,28024.4,28124.2,28220,28224,28224,28224,
,,,,,,,,,,,,,,,,,,
GHA,0.42630423,0.436236777,0.395319087,0.325052954,0.415441052,0.404379798,,,,90814,91098,91382,91666,91950,92234,92518,92802,
,,,,,,,,,,,,,,,,,,
GRC,8.742449079,8.80106122,8.74361278,8.483171443,7.774920307,7.556057769,,,,37822,38124,38426,38728,39030,39332,39634,39936,
,,,,,,,,,,,,,,,,,,
GRL,11.04479163,11.28207939,11.71815083,10.2217389,11.66377295,12.44034101,,,,2.2,2.2,2.2,2.2,0,2.2,2.2,2.2,
,,,,,,,,,,,,,,,,,,
GRD,2.237296507,2.301012675,2.505022418,2.425962147,2.487241705,2.408137432,,,,169.9,169.9,169.9,169.9,170,169.9,169.9,169.9,
,,,,,,,,,,,,,,,,,,
GUM,,,,,,,,,,250,250,250,250,250,250,250,250,
,,,,,,,,,,,,,,,,,,
GTM,0.928571826,0.915844454,0.811036638,0.864736542,0.771619509,0.748055056,,,,38948,38516,38084,37652,37220,36856,36492,36128,
,,,,,,,,,,,,,,,,,,
GIN,0.119290573,0.119193056,0.191660762,0.196768408,0.225765923,0.229423425,,,,66880,66520,66160,65800,65440,65080,64720,64360,
,,,,,,,,,,,,,,,,,,
GNB,0.144756166,0.151256889,0.145619048,0.146971003,0.145854598,0.146810683,,,,20620,20520,20420,20320,20220,20120,20020,19920,
,,,,,,,,,,,,,,,,,,
GUY,1.735612911,2.095040757,2.083255358,2.085662452,2.282864015,2.357722028,,,,165968,165916,165864,165812,165760,165660,165560,165460,
,,,,,,,,,,,,,,,,,,
HTI,0.224474915,0.250172074,0.250131013,0.229630548,0.211960718,0.217962048,,,,1042,1034,1026,1018,1010,1002,994,986,
,,,,,,,,,,,,,,,,,,
HND,1.00008677,1.230602978,1.194640242,1.058414368,1.080473355,1.103745053,,,,56720,55520,54320,53120,51920,50720,49520,48320,
,,,,,,,,,,,,,,,,,,
HUN,5.698187039,5.572459521,5.463501182,4.867185924,5.074749628,4.862989931,,,,19956,20082,20208,20334,20460,20506,20552,20598,
,,,,,,,,,,,,,,,,,,
ISL,7.496188056,7.414833454,6.677481144,6.447492771,6.168528586,5.896828979,,,,377.4,389.8,402.2,414.6,430,440,453,466,
,,,,,,,,,,,,,,,,,,
IRQ,3.563542432,2.186766827,3.194050322,3.47996689,3.610434779,4.20163513,,,,8250,8250,8250,8250,8250,8250,8250,8250,
,,,,,,,,,,,,,,,,,,
IRL,10.13026328,10.16503468,9.527000515,8.891436541,8.810150532,7.880759326,,,,7010,7071.5,7133.2,7194.8,7260,7313.1,7369.9,7426.6,
,,,,,,,,,,,,,,,,,,
IMY,,,,,,,,,,34.6,34.6,34.6,34.6,30,34.6,34.6,34.6,
,,,,,,,,,,,,,,,,,,
ISR,8.872604307,8.750116433,9.340594762,8.612962755,9.036666273,8.952413531,,,,1548,1546,1544,1542,1540,1562,1584,1606,
,,,,,,,,,,,,,,,,,,
JAM,4.530808785,5.062906364,4.476814921,3.204231319,2.672410756,2.872655693,,,,3387.8,3383.6,3379.4,3375.2,3370,3367.2,3363.4,3359.6,
,,,,,,,,,,,,,,,,,,
JOR,3.815375723,3.892422364,3.689815762,3.70109721,3.50324049,3.601147064,,,,975,975,975,975,980,975,975,975,
,,,,,,,,,,,,,,,,,,
KAZ,12.57715649,14.2211715,14.65957764,13.30972781,15.14647827,15.81009754,,,,33314,33258,33202,33146,33090,33090,33090,33090,
,,,,,,,,,,,,,,,,,,
KEN,0.263863006,0.263921731,0.267801815,0.31450114,0.307975417,0.327569171,,,,40836,41202,41568,41934,42300,42666,43032,43398,
,,,,,,,,,,,,,,,,,,
KIR,0.739181175,0.533049528,0.558783791,0.401099775,0.607308472,0.595622098,,,,121.5,121.5,121.5,121.5,120,121.5,121.5,121.5,
,,,,,,,,,,,,,,,,,,
KSV,,,,,,,,,,,,,,,,,,
,,,,,,,,,,,,,,,,,,
KWT,30.87219115,29.63684934,30.58126375,29.72170379,29.69343348,28.10266175,,,,56.9,58.3,59.7,61.1,60,62.5,62.5,62.5,
,,,,,,,,,,,,,,,,,,
KGZ,0.991517898,1.120619163,1.069343449,1.180486133,1.129467501,1.199591629,,,,8308.4,7923.8,7539.2,7154.6,6770,6690,6610,6530,
,,,,,,,,,,,,,,,,,,
LAO,0.270683528,0.158048796,0.161954988,0.160311795,0.203248951,0.188910506,,,,170588.8,172480.5,174372.2,176263.9,178160,180047.3,181939,183830.7,
,,,,,,,,,,,,,,,,,,
LVA,3.418456092,3.779785259,3.629405756,3.443266443,3.963228139,3.786801437,,,,33084,33198,33312,33426,33540,33544,33548,33552,
,,,,,,,,,,,,,,,,,,
LBN,3.572961427,3.309380466,4.202060939,5.001002214,4.632411885,4.668312508,,,,1365.8,1366.6,1367.4,1368.2,1370,1369.8,1370.6,1371.4,
,,,,,,,,,,,,,,,,,,
LSO,0.74460882,0.753779806,1.056111113,1.06118278,1.123489371,1.082269608,,,,432,434,436,438,440,450,460,470,
,,,,,,,,,,,,,,,,,,
LBR,0.224257889,0.192597983,0.156752837,0.138178275,0.202899199,0.218425012,,,,44490,44190,43890,43590,43290,42990,42690,42390,
,,,,,,,,,,,,,,,,,,
LBY,9.227794152,8.84546264,9.136624366,10.0370768,10.54269589,6.204914344,,,,2170,2170,2170,2170,2170,2170,2170,2170,
,,,,,,,,,,,,,,,,,,
LIE,,1.966441816,1.95047731,1.527746917,1.617377881,1.405096204,,,,69,69,69,69,70,69,69,69,
,,,,,,,,,,,,,,,,,,
LTU,4.371365075,4.564324385,4.598897641,3.925637608,4.319017771,4.537558514,,,,21308,21406,21504,21602,21700,21720,21740,21760,
,,,,,,,,,,,,,,,,,,
LUX,24.01285765,22.96492241,22.38547222,20.87712517,21.6351358,20.8978117,,,,867,867,867,867,870,867,867,867,
,,,,,,,,,,,,,,,,,,
MDG,0.089405156,0.093705131,0.099740761,0.092499326,0.098983365,0.112992805,,,,127810,127240,126670,126100,125530,125370,125210,125050,
,,,,,,,,,,,,,,,,,,
MWI,0.072711421,0.070632195,0.082545714,0.073703111,0.082179517,0.079231485,,,,33690,33360,33030,32700,32370,32190,32010,31830,
,,,,,,,,,,,,,,,,,,
MYS,6.497627846,7.037791323,7.656532739,7.373235988,7.986951475,7.898823573,,,,211368,213836,216304,218772,221240,221382,221524,221666,
,,,,,,,,,,,,,,,,,,
MDV,2.664906907,2.626790831,2.78570442,2.964158333,2.927604905,2.927763926,,,,10,10,10,10,10,10,10,10,
,,,,,,,,,,,,,,,,,,
MLI,0.070805643,0.073290823,0.075281844,0.078108539,0.081476607,0.079956379,,,,54260,53470,52680,51890,51100,50310,49520,48730,
,,,,,,,,,,,,,,,,,,
MLT,6.351303206,6.698844917,6.252313871,5.796405618,6.316495701,6.034321639,,,,3.5,3.5,3.5,3.5,0,3.5,3.5,3.5,
,,,,,,,,,,,,,,,,,,
MHL,1.760272657,1.899052478,1.895961395,1.962424266,1.958419165,1.954207191,,,,126.4,126.4,126.4,126.4,130,126.4,126.4,126.4,
,,,,,,,,,,,,,,,,,,
MRT,0.496585807,0.55418962,0.567036613,0.608387039,0.595272317,0.627225464,,,,2620,2570,2520,2470,2420,2385,2350,2315,
,,,,,,,,,,,,,,,,,,
MUS,2.94193012,2.97588958,3.029991456,2.963163435,3.132082534,3.127070817,,,,382.4,382.8,383.2,383.6,380,384.4,384.8,385.2,
,,,,,,,,,,,,,,,,,,
MDA,1.393071924,1.30813803,1.337336013,1.276290637,1.385659642,1.398821793,,,,3676,3722,3768,3814,3860,3906,3952,3998,
,,,,,,,,,,,,,,,,,,
MCO,,,,,,,,,,,,,,0,,,,
,,,,,,,,,,,,,,,,,,
MNG,3.712170957,3.892192769,3.81388549,4.140116094,4.243335224,6.915146531,,,,116542.4,120004.8,123467.2,126929.6,130390,129419.2,128446.4,127473.6,
,,,,,,,,,,,,,,,,,,
MNE,3.875533515,3.655836006,4.457679397,2.953556075,4.167664361,4.145547583,,,,6662,7064,7466,7868,8270,8270,8270,8270,
,,,,,,,,,,,,,,,,,,
MAR,1.545229558,1.620931736,1.687375568,1.654806038,1.742832779,1.737915547,,,,54552,55094,55636,56178,56720,56640,56560,56480,
,,,,,,,,,,,,,,,,,,
MOZ,0.091093604,0.10692857,0.101742097,0.108702094,0.118205418,0.131189805,,,,398576,396362,394148,391934,389720,387656,385592,383528,
,,,,,,,,,,,,,,,,,,
MMR,0.250435369,0.249246107,0.176918537,0.202232171,0.173734652,0.200285212,,,,330114,327018,323922,320826,317730,312266,306802,301338,
,,,,,,,,,,,,,,,,,,
NAM,1.133710499,1.15651357,1.691632521,1.478823448,1.449319237,1.239160489,,,,75868,75126,74384,73642,72900,72158,71416,70674,
,,,,,,,,,,,,,,,,,,
NPL,0.103210301,0.105098567,0.11450154,0.136102525,0.161137874,0.159474455,,,,36360,36360,36360,36360,36360,36360,36360,36360,
,,,,,,,,,,,,,,,,,,
NCL,11.81224237,12.32556027,13.53130952,11.57082986,15.680092,15.17329528,,,,8390,8390,8390,8390,8390,8390,8390,8390,
,,,,,,,,,,,,,,,,,,
NZL,8.018221574,7.96637909,8.044536128,7.511955097,7.297420185,7.124050867,,,,101766,101702,101638,101574,101510,101512,101514,101516,
,,,,,,,,,,,,,,,,,,
NIC,0.819491407,0.834055188,0.790487627,0.803730282,0.805909906,0.843541955,,,,33940,33240,32540,31840,31140,31140,31140,31140,
,,,,,,,,,,,,,,,,,,
NER,0.05764269,0.056541084,0.060771767,0.073470122,0.083054495,0.083958178,,,,12536,12412,12288,12164,12040,11916,11792,11668,
,,,,,,,,,,,,,,,,,,
NGA,0.687380144,0.647289878,0.613327639,0.462535787,0.534553664,0.53749756,,,,106794,102698,98602,94506,90410,86314,82218,78122,
,,,,,,,,,,,,,,,,,,
NAC,18.89529785,19.02018554,18.27761502,16.98268669,17.19612789,16.7319858,,,,6530718,6538096,6545474,6552852,6560230,6562514,6564798,6567082,
,,,,,,,,,,,,,,,,,,
MNP,,,,,,,,,,309.8,308.1,306.5,304.8,300,301.5,299.9,298.3,
,,,,,,,,,,,,,,,,,,
NOR,9.495835691,9.57484966,10.55446109,10.81860557,11.61619323,9.192879069,,,,120940,120960,120980,121000,121020,121040,121060,121080,
,,,,,,,,,,,,,,,,,,
OMN,15.51028912,17.19160289,14.4797972,13.92679701,19.122607,20.20389451,,,,20,20,20,20,20,20,20,20,
,,,,,,,,,,,,,,,,,,
PAK,0.933241986,0.994536473,0.975314124,0.962548786,0.957357369,0.941171125,,,,18590,18160,17730,17300,16870,16440,16010,15580,
,,,,,,,,,,,,,,,,,,
PLW,10.07820308,10.38965106,10.33366293,10.27423319,10.56927211,10.85543046,,,,403,403,403,403,400,403,403,403,
,,,,,,,,,,,,,,,,,,
PAN,2.181575209,2.093510117,2.107748953,2.415888235,2.449051597,2.625276244,,,,47654,47488,47322,47156,46990,46826,46662,46498,
,,,,,,,,,,,,,,,,,,
PNG,0.690926208,0.958160743,0.73337006,0.760922609,0.681184727,0.746895234,,,,335834,335808,335782,335756,335730,335702,335674,335646,
,,,,,,,,,,,,,,,,,,
PRY,0.67757378,0.693306247,0.719800679,0.737248172,0.817267073,0.841915242,,,,181700,178650,175600,172550,169500,166246,162992,159738,
,,,,,,,,,,,,,,,,,,
PER,1.254522601,1.527183943,1.441345465,1.771065546,1.969722449,1.783233144,,,,753846,752412,750978,749544,748110,746434,744758,743082,
,,,,,,,,,,,,,,,,,,
PHL,0.772811732,0.783104987,0.841040935,0.816054812,0.878135471,0.867845343,,,,70272,69804,69336,68868,68400,70800,73200,75600,
,,,,,,,,,,,,,,,,,,
POL,8.364404885,8.250051626,8.273068216,7.81735027,8.334872118,8.335786706,,,,92258,92516,92774,93032,93290,93502,93714,93926,
,,,,,,,,,,,,,,,,,,
PRT,5.617444894,5.773031758,5.24374293,5.158593379,4.690094769,4.709849624,,,,32846,32732,32618,32504,32390,32276,32162,32048,
,,,,,,,,,,,,,,,,,,
PRI,,,,,,,,,,4661.8,4694.9,4727.9,4761,4790,4827.2,4860.3,4893.3,
,,,,,,,,,,,,,,,,,,
QAT,57.39889605,55.33679996,48.60161977,44.83640145,42.63907601,44.01892637,,,,0,0,0,0,0,0,0,0,
,,,,,,,,,,,,,,,,,,
ROM,4.840827017,4.866509869,4.658143211,3.997649195,3.918410158,4.210560124,,,,64158,64406,64654,64902,65150,65842,66534,67226,
,,,,,,,,,,,,,,,,,,
RWA,0.057203516,0.058789064,0.055661387,0.057430655,0.05735438,0.062874197,,,,3972,4094,4216,4338,4460,4528,4596,4664,
,,,,,,,,,,,,,,,,,,
WSM,0.972077406,1.026223949,1.039489751,1.072106118,1.103870902,1.252110076,,,,1710,1710,1710,1710,1710,1710,1710,1710,
,,,,,,,,,,,,,,,,,,
SMR,,,,,,,,,,0,0,0,0,0,0,0,0,
,,,,,,,,,,,,,,,,,,
STP,0.538631022,0.526920482,0.515547541,0.548308572,0.579406601,0.587909256,,,,555.2,550.4,545.6,540.8,540,536,536,536,
,,,,,,,,,,,,,,,,,,
SEN,0.413622745,0.448464475,0.444968124,0.464873613,0.638487724,0.58833415,,,,86330,85930,85530,85130,84730,84330,83930,83530,
,,,,,,,,,,,,,,,,,,
SRB,7.25427423,7.078578039,7.058387624,6.300834457,6.292016689,6.799114997,,,,25234,25708,26182,26656,27130,27144,27158,27172,
,,,,,,,,,,,,,,,,,,
SYC,8.669030733,7.546775958,7.970272322,8.485119934,7.679581152,6.835706362,,,,406.7,406.7,406.7,406.7,410,406.7,406.7,406.7,
,,,,,,,,,,,,,,,,,,
SLE,0.139876038,0.119033972,0.120200375,0.115584129,0.12570608,0.152044168,,,,28044,27848,27652,27456,27260,27896,28532,29168,
,,,,,,,,,,,,,,,,,,
SGP,6.997576453,3.965404263,4.927573873,4.778216577,2.655246912,4.320151436,,,,163.5,163.5,163.5,163.5,160,163.5,163.5,163.5,
,,,,,,,,,,,,,,,,,,
SXM,,,,,,,,,,,,,,,,,,
,,,,,,,,,,,,,,,,,,
SVK,7.277962961,6.843273815,7.010558568,6.319073237,6.721959562,6.367545917,,,,19334,19348,19362,19376,19390,19392,19394,19396,
,,,,,,,,,,,,,,,,,,
SVN,8.094608116,8.049468764,8.532016271,7.547335376,7.530604813,7.504259702,,,,12438,12446,12454,12462,12470,12472,12474,12476,
,,,,,,,,,,,,,,,,,,
SST,3.562786078,3.654504974,3.568231476,3.415442134,3.533690599,3.459790992,,,,891700.1,889782.5,887865,885947.6,884030,883929.2,883828.3,883727.5,
,,,,,,,,,,,,,,,,,,
SLB,0.373782025,0.387510034,0.378784688,0.377551397,0.376333439,0.368304169,,,,22354,22298,22242,22186,22130,22074,22018,21962,
,,,,,,,,,,,,,,,,,,
SOM,0.068384733,0.068326521,0.065850768,0.063880736,0.06391226,0.05870688,,,,70542,69774,69006,68238,67470,66702,65934,65166,
,,,,,,,,,,,,,,,,,,
ZAF,8.80247507,9.063325529,9.506481163,9.545494788,8.957153524,9.257216472,,,,92410,92410,92410,92410,92410,92410,92410,92410,
,,,,,,,,,,,,,,,,,,
,,,,,,,,,,,,,,,,,,
SSD,,,,,,,,,,,,,,,71570,71570,71570,
,,,,,,,,,,,,,,,,,,
LKA,0.603103132,0.616503967,0.602955794,0.644280244,0.64824563,0.72992084,,,,21150,21120,21090,21060,21030,20964,20898,20832,
,,,,,,,,,,,,,,,,,,
KNA,4.710907704,4.941167146,4.880433719,5.034263395,4.973200642,5.050964187,,,,110,110,110,110,110,110,110,110,
,,,,,,,,,,,,,,,,,,
LCA,2.187216682,2.262968274,2.292817072,2.197738533,2.273826502,2.270423588,,,,208.4,207.8,207.2,206.6,210,205.4,204.8,204.2,
,,,,,,,,,,,,,,,,,,
MAF,,,,,,,,,,,,,,10,,,,
,,,,,,,,,,,,,,,,,,
VCT,2.020237264,2.084879274,2.11625521,2.114511922,2.146876944,2.179923359,,,,262,264,266,268,270,270,270,270,
,,,,,,,,,,,,,,,,,,
SDN,0.278837922,0.308883977,0.318940846,0.343430682,0.341750839,0.349548724,,,,279366.7,277622.6,275878.4,274134.3,272390,199076,197331.8,195587.7,
,,,,,,,,,,,,,,,,,,
SUR,4.939088986,4.897112104,4.84197988,4.829500002,4.621427372,3.649913361,,,,153670,153630,153590,153550,153510,153472,153434,153396,
,,,,,,,,,,,,,,,,,,
SWZ,0.908384338,0.937064096,0.950321127,0.890557455,0.869767204,0.864988313,,,,5454,5498,5542,5586,5630,5676,5722,5768,
,,,,,,,,,,,,,,,,,,
SWE,5.459003216,5.253521937,5.326109585,4.704368708,5.606000495,5.518421481,,,,281890,281600,281310,281020,280730,280730,280730,280730,
,,,,,,,,,,,,,,,,,,
SYR,2.861435589,3.421673064,3.360814123,3.012318451,2.971741072,2.736990943,,,,4670,4730,4790,4850,4910,4910,4910,4910,
,,,,,,,,,,,,,,,,,,
TJK,0.382552666,0.463345439,0.409462437,0.382774553,0.373872943,0.35894763,,,,4100,4100,4100,4100,4100,4104,4108,4112,
,,,,,,,,,,,,,,,,,,
TZA,0.149737237,0.144041145,0.147981815,0.139972868,0.150058649,0.1549349,,,,495200,491200,487200,483200,479200,475480,471760,468040,
,,,,,,,,,,,,,,,,,,
THA,3.992198458,3.994687144,3.984059667,4.198511915,4.470426149,4.534491734,,,,161298,161596,161894,162192,162490,162790,163090,163390,
,,,,,,,,,,,,,,,,,,
TMP,0.1803952,0.180962382,0.185016931,0.174891045,0.171932157,0.16364808,,,,7868,7756,7644,7532,7420,7308,7196,7084,
,,,,,,,,,,,,,,,,,,
TGO,0.213027516,0.239676702,0.285947797,0.270613774,0.269107041,0.319443622,,,,3662,3464,3266,3068,2870,2672,2474,2276,
,,,,,,,,,,,,,,,,,,
TON,1.264395559,1.112636906,1.17696662,1.276514272,1.128882988,0.983561959,,,,90,90,90,90,90,90,90,90,
,,,,,,,,,,,,,,,,,,
TTO,35.63049125,36.8167629,35.45529782,36.56944789,38.33784104,37.14005424,,,,2292.8,2285.6,2278.4,2271.2,2260,2280.2,2296.3,2312.5,
,,,,,,,,,,,,,,,,,,
TUN,2.270173481,2.357974494,2.403507634,2.374157343,2.535619365,2.402455639,,,,9300,9450,9600,9750,9900,10002,10104,10206,
,,,,,,,,,,,,,,,,,,
TKM,9.722724787,11.53562168,11.55757176,10.11066086,11.35811103,12.18366658,,,,41270,41270,41270,41270,41270,41270,41270,41270,
,,,,,,,,,,,,,,,,,,
TCA,5.173757326,5.762099309,6.094874665,5.940523027,6.152486045,6.010149084,,,,344,344,344,344,340,344,344,344,
,,,,,,,,,,,,,,,,,,
TUV,,,,,,,,,,10,10,10,10,10,10,10,10,
,,,,,,,,,,,,,,,,,,
UGA,0.091545632,0.104292991,0.101918826,0.105319919,0.108297319,0.110886576,,,,32938,31586,30234,28882,27530,26178,24826,23474,
,,,,,,,,,,,,,,,,,,
UKR,6.977980583,6.910708277,6.724046202,5.64701422,6.638152001,6.262351962,,,,95696,95642,95588,95534,95480,95698,95916,96134,
,,,,,,,,,,,,,,,,,,
ARE,23.95451916,23.19506697,23.03360047,21.10229562,20.12095728,20.43383762,,,,3130.6,3141.2,3151.8,3162.4,3170,3183.6,3194.2,3204.8,
,,,,,,,,,,,,,,,,,,
URY,1.995853849,1.796305712,2.471053756,2.401221496,1.912604677,2.296200685,,,,15637,16056,16475,16894,17310,17540.4,17767.8,17995.2,
,,,,,,,,,,,,,,,,,,
UZB,4.436684794,4.391446777,4.434466025,3.912053019,3.693267688,3.914921266,,,,32911,32872,32833,32794,32760,32643.8,32532.6,32421.4,
,,,,,,,,,,,,,,,,,,
VUT,0.222102639,0.433459419,0.406838707,0.508462532,0.496591183,0.591265773,,,,4400,4400,4400,4400,4400,4400,4400,4400,
,,,,,,,,,,,,,,,,,,
VNM,1.233275634,1.352790931,1.497496085,1.636370776,1.76169543,1.971889173,,,,132872,134974,137076,139178,141280,142570,143860,145150,
,,,,,,,,,,,,,,,,,,
VIR,,,,,,,,,,186.2,185,183.9,182.7,180,180.5,179.4,178.2,
,,,,,,,,,,,,,,,,,,
WBG,0.665291777,0.665297084,0.570947494,0.564577775,0.534014834,0.572406877,,,,91.7,91.7,91.7,91.7,90,91.7,91.7,91.7,
,,,,,,,,,,,,,,,,,,
ZMB,0.179773645,0.150264753,0.164691753,0.184057876,0.192078658,0.212449645,,,,501344,499678,498012,496346,494680,493014,491348,489682,
,,,,,,,,,,,,,,,,,,
ZWE,0.78072138,0.731866885,0.569255428,0.600521157,0.646072745,0.691697897,,,,169320,166050,162780,159510,156240,153116,149992,146868,
