{"type":"Topology",
"objects":
{"units":{"type":"GeometryCollection",
"geometries":[{"type":"MultiPolygon","properties":{"name":"Massachusetts"},"id":"US25",
"arcs":[[[0]],[[1]],[[2,3,4,5,6,7,8,9]]]},{
"type":"Polygon","properties":{"name":"Minnesota"},"id":"US32","arcs":[[10,11,12,13,14]]},
{"type":"Polygon","properties":{"name":"Montana"},"id":"US30","arcs":[[15,16,17,18,19]]},
{"type":"Polygon","properties":{"name":"North Dakota"},"id":"US38","arcs":[[-14,20,-16,21]]},
{"type":"MultiPolygon","properties":{"name":"Hawaii"},"id":"US15","arcs":[[[22]],[[23]],[[24]],[[25]],[[26]],[[27]],[[28]]]},
{"type":"Polygon","properties":{"name":"Idaho"},"id":"US16","arcs":[[-19,29,30,31,32,33,34]]},
{"type":"MultiPolygon","properties":{"name":"Washington"},"id":"US53","arcs":[[[35]],[[-34,36,37]]]},
{"type":"Polygon","properties":{"name":"Arizona"},"id":"US04","arcs":[[38,39,40,41,42]]},{"type":"MultiPolygon","properties":{"name":"California"},"id":"US06","arcs":[[[43]],[[44]],[[45]],[[46]],[[-41,47,48,49]]]},{"type":"Polygon","properties":{"name":"Colorado"},"id":"US08","arcs":[[50,51,52,53,54,55]]},{"type":"Polygon","properties":{"name":"Nevada"},"id":"US32","arcs":[[-42,-50,56,-32,57]]},{"type":"Polygon","properties":{"name":"New Mexico"},"id":"US35","arcs":[[58,59,-39,-53,60]]},{"type":"MultiPolygon","properties":{"name":"Oregon"},"id":"US41","arcs":[[[-37,-33,-57,-49,61]]]},{"type":"Polygon","properties":{"name":"Utah"},"id":"US49","arcs":[[62,-54,-43,-58,-31]]},{"type":"Polygon","properties":{"name":"Wyoming"},"id":"US56","arcs":[[63,-55,-63,-30,-18,64]]},{"type":"Polygon","properties":{"name":"Arkansas"},"id":"US05","arcs":[[65,66,67,68,69,70]]},{"type":"Polygon","properties":{"name":"Iowa"},"id":"US19","arcs":[[71,72,73,74,-12,75]]},{"type":"Polygon","properties":{"name":"Kansas"},"id":"US20","arcs":[[76,-51,77,78]]},{"type":"Polygon","properties":{"name":"Missouri"},"id":"US29","arcs":[[79,80,81,82,83,-71,84,-79,85,-73]]},{"type":"Polygon","properties":{"name":"Nebraska"},"id":"US31","arcs":[[-74,-86,-78,-56,-64,86]]},{"type":"Polygon","properties":{"name":"Oklahoma"},"id":"US40","arcs":[[-70,87,-61,-52,-77,-85]]},{"type":"Polygon","properties":{"name":"South Dakota"},"id":"US46","arcs":[[-13,-75,-87,-65,-17,-21]]},{"type":"MultiPolygon","properties":{"name":"Louisiana"},"id":"US22","arcs":[[[88]],[[89,90,-68,91]]]},{"type":"MultiPolygon","properties":{"name":"Texas"},"id":"US48","arcs":[[[92]],[[93]],[[94]],[[95]],[[96]],[[-69,-91,97,-59,-88]]]},{"type":"Polygon","properties":{"name":"Connecticut"},"id":"US09","arcs":[[98,99,100,-7]]},{"type":"Polygon","properties":{"name":"New Hampshire"},"id":"US33","arcs":[[101,-10,102,103,104]]},{"type":"MultiPolygon","properties":{"name":"Rhode Island"},"id":"US44","arcs":[[[105,-4]],[[106,-99,-6]]]},{"type":"Polygon","properties":{"name":"Vermont"},"id":"US50","arcs":[[-9,107,108,-103]]},{"type":"MultiPolygon","properties":{"name":"Alabama"},"id":"US01","arcs":[[[109,110,111,112,113]]]},{"type":"MultiPolygon","properties":{"name":"Florida"},"id":"US12","arcs":[[[114]],[[115]],[[116]],[[117,-111,118]]]},{"type":"MultiPolygon","properties":{"name":"Georgia"},"id":"US13","arcs":[[[119,-119,-110,120,121,122]]]},{"type":"MultiPolygon","properties":{"name":"Mississippi"},"id":"US28","arcs":[[[-113,123,-92,-67,124]]]},{"type":"MultiPolygon","properties":{"name":"South Carolina"},"id":"US45","arcs":[[[125,-123,126]]]},{"type":"Polygon","properties":{"name":"Illinois"},"id":"US17","arcs":[[127,128,129,-80,-72,130]]},{"type":"Polygon","properties":{"name":"Indiana"},"id":"US18","arcs":[[131,132,-129,133,134]]},{"type":"MultiPolygon","properties":{"name":"Kentucky"},"id":"US21","arcs":[[[135,-83]],[[136,137,138,-81,-130,-133,139]]]},{"type":"MultiPolygon","properties":{"name":"North Carolina"},"id":"US37","arcs":[[[140,141]],[[-143,-144,-145,-146]],[[146,-127,-122,147,148]]]},{"type":"Polygon","properties":{"name":"Ohio"},"id":"US39","arcs":[[149,-140,-132,150,151,152]]},{"type":"Polygon","properties":{"name":"Tennessee"},"id":"US47","arcs":[[153,-148,-121,-114,-125,-66,-84,-136,-82,-139]]},{"type":"MultiPolygon","properties":{"name":"Virginia"},"id":"US51","arcs":[[[-145,154]],[[155,156]],[[157,158]],[[159,160,161,-141,162,-143,163,-149,-154,-138,164]]]},{"type":"MultiPolygon","properties":{"name":"Wisconsin"},"id":"US55","arcs":[[[165]],[[166,167,-131,-76,-11,168]]]},{"type":"Polygon","properties":{"name":"West Virginia"},"id":"US54","arcs":[[169,-165,-137,-150,170]]},{"type":"Polygon","properties":{"name":"Delaware"},"id":"US10","arcs":[[171,172,173,174,175]]},{"type":"Polygon","properties":{"name":"District of Columbia"},"id":"US11","arcs":[[176,-161,177]]},{"type":"MultiPolygon","properties":{"name":"Maryland"},"id":"US24","arcs":[[[-158,178]],[[-173,179]],[[-175,180,-156,181,-178,-160,-170,182]]]},{"type":"MultiPolygon","properties":{"name":"New Jersey"},"id":"US34","arcs":[[[183,184,185]]]},{"type":"MultiPolygon","properties":{"name":"New York"},"id":"US36","arcs":[[[186]],[[-108,-8,-101,187,-185,188,189]]]},{"type":"Polygon","properties":{"name":"Pennsylvania"},"id":"US42","arcs":[[-184,190,-176,-183,-171,-153,191,-189]]},{"type":"MultiPolygon","properties":{"name":"Maine"},"id":"US23","arcs":[[[192]],[[-105,193]]]},{"type":"MultiPolygon","properties":{"name":"Michigan"},"id":"US26","arcs":[[[194]],[[-151,-135,195]],[[196]],[[-167,197]],[[198]],[[199]]]},{"type":"MultiPolygon","properties":{"name":"Alaska"},"id":"US02","arcs":[[[200]],[[201]],[[202]],[[203]],[[204]],[[205]],[[206]],[[207]],[[208]],[[209]],[[210]],[[211]],[[212]],[[213]],[[214]],[[215]],[[216]],[[217]],[[218]],[[219]],[[220]],[[221]],[[222]],[[223]],[[224]],[[225]],[[226]],[[227]],[[228]],[[229]],[[230]],[[231]],[[232]],[[233]],[[234]],[[235]],[[236]],[[237]],[[238]],[[239]],[[240]],[[241]],[[242]],[[243]],[[244]],[[245]],[[246]],[[247]],[[248]],[[249]],[[250]]]}]}},"arcs":[[[3040,4278],[2,-19],[-9,4],[7,15]],[[3024,4296],[2,-21],[-7,0],[5,21]],[[3018,4565],[1,-42],[4,-10],[-7,-13],[-4,-45],[7,-8],[9,-96],[12,6],[2,-21],[-13,-8],[-7,-21],[0,33],[-7,-28],[-6,-7]],[[3009,4305],[-2,31]],[[3007,4336],[-1,7]],[[3006,4343],[-3,15],[-1,43],[-12,-1]],[[2990,4400],[-46,8]],[[2944,4408],[-1,15],[7,117]],[[2950,4540],[22,-4]],[[2972,4536],[33,-4],[10,35],[3,-2]],[[2425,5306],[-5,-22],[0,-109],[-12,-33],[-5,-36],[0,-28],[6,-21],[-3,-37],[-1,-97],[6,-28],[14,-34],[7,-48],[12,-30],[4,-25],[1,-74]],[[2449,4684],[-46,0],[-36,0],[-63,0]],[[2304,4684],[0,342],[-7,20],[-5,38],[6,26],[3,39]],[[2301,5149],[-1,68],[-6,62],[-1,147],[-2,47],[-6,86],[-1,91],[2,14],[-4,66]],[[2282,5730],[58,0],[0,71],[9,-11],[3,-99],[13,-27],[10,-2],[4,-23],[14,22],[17,-18],[-2,-18],[7,-9],[2,-33],[3,22],[15,-30],[1,-16],[8,-12],[14,37],[4,-28],[16,7],[8,-25],[7,0],[-12,-33],[-12,-19],[-14,-42],[-16,-82],[-13,-44],[-1,-12]],[[2092,5728],[0,-579]],[[2092,5149],[0,-180]],[[2092,4969],[-42,0],[-61,0],[-49,0],[-43,0],[0,-95]],[[1897,4874],[-7,44],[-5,-7],[-2,-25],[-7,-7],[-12,7],[-4,-20],[-12,4],[-4,-10],[-6,72],[-5,-2],[-4,25],[0,36],[-7,35],[-2,58],[-5,17],[-9,-41],[-6,16],[-1,40],[5,20],[-3,32],[2,27],[2,94],[-6,-7],[-10,41],[0,13],[-16,71],[-6,46],[0,33],[-9,52],[0,190]],[[1758,5728],[36,0],[43,0],[61,0],[74,0],[67,0],[53,0]],[[2301,5149],[-72,0],[-45,0],[-39,0],[-53,0]],[[2092,5728],[45,0],[37,2],[61,0],[47,0]],[[656,235],[11,-31],[2,-23],[0,-25],[8,-47],[-5,-28],[-8,-12],[-7,-32],[-3,-33],[-7,26],[1,51],[-5,82],[6,46],[-1,48],[8,-22]],[[619,347],[-4,35],[5,0],[1,-28],[-2,-7]],[[628,403],[2,-23],[5,10],[9,-30],[0,-21],[-8,-19],[-3,0],[-2,39],[-5,3],[-1,21],[3,20]],[[610,440],[15,-18],[-4,-12],[-13,5],[2,25]],[[592,513],[1,-34],[5,-21],[-5,-11],[-7,8],[-6,54],[6,1],[4,24],[2,-21]],[[527,547],[-1,14],[5,28],[-4,-42]],[[550,633],[3,-11],[-2,-41],[-2,-18],[-5,6],[-5,21],[2,28],[9,15]],[[1897,4874],[0,-476]],[[1897,4398],[-47,0],[-37,0]],[[1813,4398],[-36,0],[-46,0]],[[1731,4398],[0,344],[3,60],[-3,29],[-5,2],[0,44],[9,73],[0,25],[5,30],[0,34],[5,37],[-1,40],[-6,13],[-3,31]],[[1735,5160],[-5,69],[0,499]],[[1730,5728],[28,0]],[[1576,5615],[2,-20],[-7,-10],[5,30]],[[1735,5160],[-61,0],[-1,-11],[-14,-3],[-18,-38],[-11,0],[-7,-17],[-8,-3],[-2,13],[-15,6],[-13,-31],[-14,18],[-1,58],[-4,27],[-7,15]],[[1559,5194],[-3,-6],[-5,23],[-11,-7],[-7,7],[5,45],[3,40],[-8,9],[0,22],[8,14],[-9,16],[-5,61],[-3,70],[-6,34],[-1,93],[18,-41],[29,-16],[6,9],[4,-48],[-9,-55],[6,12],[3,34],[4,8],[1,-28],[-5,-9],[2,-21],[0,-60],[-6,21],[-9,-43],[10,-11],[12,51],[-3,29],[0,63],[5,28],[-5,61],[-7,19],[5,13],[0,49],[-4,-2],[-5,40],[2,10],[58,0],[60,0],[41,0]],[[1953,3445],[0,-1080]],[[1953,2365],[-55,0],[-3,2],[-68,147],[-35,73],[2,41]],[[1794,2628],[6,6],[1,47],[-7,20],[0,62],[6,28],[0,75],[11,71],[-7,27],[0,19],[-5,41],[-2,41]],[[1797,3065],[2,29],[-3,69],[1,25],[-3,60],[0,29],[11,3],[3,-20],[5,33],[0,152]],[[1813,3445],[53,0],[55,0],[32,0]],[[1687,2691],[6,-40],[-5,5],[-1,35]],[[1688,2775],[5,-12],[2,-23],[-6,6],[-1,29]],[[1646,2880],[-1,-26],[-4,21],[5,5]],[[1651,2887],[9,-14],[-9,-3],[0,17]],[[1794,2628],[-66,-33],[-2,32],[-2,-6],[0,62],[-7,64],[-16,76],[-9,1],[0,32],[-4,26],[-7,-4],[-12,24],[-1,24],[-9,27],[-5,-2],[-10,12],[-9,-4],[-5,20],[0,111],[-7,16],[0,41],[-3,5],[-13,78],[-1,25],[-12,55],[-1,63],[3,-2],[2,33],[-2,27],[-7,6],[-9,51],[0,41],[-4,18],[2,49],[2,4],[0,-39],[10,-27],[-3,38],[-7,51],[5,23],[9,0],[-2,16],[-4,-18],[-8,20],[-2,-6],[1,-55],[-8,13],[-2,21],[-5,-1],[1,51],[-4,32],[-6,23],[-12,76],[2,9],[-4,84],[2,19],[-2,50],[-8,52],[-7,35],[-2,46],[5,36],[4,53],[0,110],[-4,43],[0,43]],[[1529,4398],[60,0],[59,0]],[[1648,4398],[0,-572],[6,-31],[39,-188],[7,-30],[30,-157],[42,-221],[25,-134]],[[2148,4017],[0,-572]],[[2148,3445],[-27,0]],[[2121,3445],[-47,0],[-59,0],[-62,0]],[[1953,3445],[0,762]],[[1953,4207],[52,0],[53,0],[34,0]],[[2092,4207],[56,0],[0,-190]],[[1648,4398],[52,0],[31,0]],[[1813,4398],[0,-953]],[[2121,3351],[-1,-1],[0,-724],[-1,-26],[0,-107],[-43,0],[-57,0],[2,-33],[3,-10]],[[2024,2450],[-49,1],[0,-86],[-22,0]],[[2121,3445],[0,-94]],[[1529,4398],[-3,19],[-2,41],[0,66],[-3,35],[3,53],[0,39],[5,41],[4,160],[0,72],[4,65],[0,121],[1,71],[4,-2],[9,24],[1,-16],[7,7]],[[1897,4398],[0,-191],[56,0]],[[2092,4588],[0,-381]],[[2092,4969],[0,-381]],[[2491,3255],[2,-16],[-8,-34],[1,-37],[-6,-33],[1,-42],[-6,-28]],[[2475,3065],[1,-16],[-6,-17],[-3,-28],[0,-49],[-5,-9],[-5,-48],[2,-16],[-6,-8],[1,-40],[-5,-21],[3,-38],[-2,-30],[3,-10],[-2,-48]],[[2451,2687],[-55,-2],[-25,0]],[[2371,2685],[0,103],[-10,3],[-3,16]],[[2358,2807],[1,42],[0,207],[1,82],[-2,53],[-3,159]],[[2355,3350],[53,0],[71,0],[3,-28],[-2,-26],[-5,-18],[-2,-25],[18,2]],[[2466,4495],[6,-50],[7,-25],[0,-45],[-4,-22],[-1,-30],[-10,-30],[-8,-4],[-3,-46],[4,-39],[-6,-59],[-7,-17],[-1,-39]],[[2443,4089],[-8,46],[-38,-7],[-29,-2],[-45,5]],[[2323,4131],[-2,37],[-1,98],[-7,60],[1,36],[-2,34],[-6,41],[0,48],[-3,12]],[[2303,4497],[-4,35],[5,79],[-3,25],[-1,47],[4,1]],[[2449,4684],[4,-36],[-2,-69],[5,-48],[8,-8],[2,-28]],[[2355,3445],[-45,0],[-33,0],[-45,0],[-51,0],[-33,0]],[[2148,4017],[41,0],[47,0],[64,0],[35,0]],[[2335,4017],[7,-28],[4,9],[1,-32],[-6,-38],[6,-28],[2,-34],[6,-11],[0,-410]],[[2443,4089],[-2,-22],[1,-55],[3,-46],[16,-78],[4,-77],[11,2],[4,-19],[-7,-116],[10,-50],[14,-53],[2,-54],[-2,-26],[5,-48],[6,-6]],[[2508,3441],[-2,-70],[-5,5],[-2,-26]],[[2499,3350],[-2,1]],[[2497,3351],[-1,0]],[[2496,3351],[0,-46],[-4,-2],[2,-25],[-3,-23]],[[2355,3350],[0,95]],[[2335,4017],[-12,114]],[[2092,4588],[34,0],[38,0],[42,0],[41,0],[13,-41],[5,17],[15,3],[5,-20],[12,-21],[2,-26],[4,-3]],[[2358,2807],[-10,20],[-8,37],[-6,-15],[-7,16],[-5,-16],[-9,-6],[-6,-25],[-9,40],[-1,-12],[-8,19],[-3,-40],[-3,31],[-7,-15],[-7,30],[-7,-19],[0,22],[-4,6],[0,23],[-7,-1],[-2,-13],[-22,30],[-1,31],[-12,-2],[-6,34],[-3,2],[0,366],[-65,1],[-19,0]],[[2433,2016],[-6,15],[3,15],[6,-15],[-3,-15]],[[2497,2149],[-13,14],[-6,24],[-7,-38],[3,-24],[9,-5],[4,22],[6,-8],[-5,-14],[4,-31],[7,37],[2,-53],[-3,2],[-7,-31],[1,-21],[16,-46],[1,-26],[-2,-32],[-2,21],[-4,-7],[-3,36],[-10,13],[3,11],[-13,40],[4,-31],[-1,-50],[-4,-14],[-1,31],[-9,8],[-1,-28],[-4,-5],[-16,33],[3,22],[-5,31],[-4,-5],[-2,39],[-7,-3],[1,19],[-10,-12],[4,-35],[-7,-9],[-7,7],[-13,31],[-6,8],[-9,-2],[-7,-12],[1,54]],[[2378,2110],[2,18],[-1,42],[2,70],[3,29],[0,53],[-2,52],[-5,37],[0,34],[-6,44],[0,196]],[[2451,2687],[3,-18],[-3,-32],[1,-52],[6,-35],[-4,-48],[-10,-58],[0,-29],[-3,-11],[0,-45],[-4,-4],[2,-41],[-2,-11],[54,0],[-3,-73],[3,-16],[4,-62],[2,-3]],[[2284,1373],[-1,0],[-3,95],[-2,20],[0,40],[6,-155]],[[2283,1666],[-4,-57],[1,34],[3,23]],[[2288,1706],[3,45],[2,-7],[-5,-38]],[[2305,1797],[-11,-42],[8,40],[3,2]],[[2349,1989],[3,-4],[-11,-42],[8,46]],[[2378,2110],[-4,-23],[2,-33],[-6,-2],[-12,-30],[-7,1],[1,48],[-9,-46],[4,-43],[-6,-26],[-1,-26],[-6,-32],[-8,-24],[-14,-28],[-1,18],[-7,-19],[-6,25],[1,-28],[6,-27],[-7,-22],[-5,20],[1,-38],[-2,-15],[-4,11],[-6,-25],[6,6],[-5,-52],[-7,7],[5,-32],[-4,-72],[-2,15],[-4,-15],[-4,28],[2,-36],[7,-2],[-3,-86],[2,-6],[2,-53],[-1,-17],[9,-85],[-11,-14],[-3,22],[-5,8],[-12,3],[-4,23],[-8,9],[-4,24],[-8,8],[-2,24],[-1,77],[-2,-9],[-5,31],[1,25],[-2,29],[0,45],[-10,38],[-6,71],[-6,25],[-1,44],[-4,21],[-5,57],[0,23],[-4,40],[-7,27],[-10,59],[0,14],[-20,5],[-7,12],[-1,-17],[-8,-6],[-6,-76],[1,-23],[-8,-46],[-7,8],[-8,27],[-2,19],[-5,4],[-9,46],[-5,10],[-7,69],[0,50],[-5,48],[0,18],[-9,48],[-5,9],[-6,44],[-6,18],[-5,42],[-7,19],[-4,41],[-3,11]],[[2990,4400],[-1,-134]],[[2989,4266],[-10,3],[-9,-12],[-10,8],[-6,-29],[-15,-28]],[[2939,4208],[-2,17],[6,22],[0,152],[1,9]],[[3020,4604],[-2,-39]],[[2972,4536],[-3,23],[3,30],[2,56],[0,51],[5,42],[6,105],[9,20],[3,34],[-2,27],[4,48]],[[2999,4972],[1,42],[10,13]],[[3010,5027],[1,-102],[2,-103],[0,-161],[5,-26],[2,-31]],[[3009,4305],[-2,31]],[[3006,4343],[-4,15],[-2,-76],[-11,-16]],[[2950,4540],[0,156],[-5,3],[1,119],[3,40],[-3,39],[1,73]],[[2947,4970],[52,2]],[[2606,3062],[1,-58],[5,-149],[4,-158],[4,-86],[3,-18],[2,-57],[-4,-16],[-2,-65],[2,-32],[-1,-88],[2,-32]],[[2622,2303],[-72,0],[0,-32],[6,-31],[-1,-36]],[[2555,2204],[-1,-23],[-5,-21],[-8,32],[0,46],[-3,15],[-2,-78],[-8,12]],[[2528,2187],[-1,52],[0,108],[-1,18],[0,144],[1,16],[6,308],[0,49],[4,165],[-3,17]],[[2534,3064],[0,3],[36,-4],[36,-1]],[[2752,1190],[-4,-27],[6,63],[-2,-36]],[[2757,1579],[-4,49],[0,29],[4,-78]],[[2745,1840],[-2,-48],[-2,38],[4,10]],[[2720,2247],[2,0],[1,-77],[4,-107],[9,-128],[9,-86],[-5,1],[2,-63],[5,-59],[9,-149],[3,-26],[2,-53],[-1,-95],[-2,-97],[-5,-30],[0,-48],[-3,-21],[-6,-19],[-13,-7],[0,44],[-7,93],[-5,14],[-5,-1],[-3,49],[0,47],[-5,13],[-2,35],[0,50],[-2,-22],[-4,3],[-7,77],[-1,32],[-4,14],[4,12],[5,49],[-8,46],[2,-60],[-6,17],[1,63],[4,59],[-1,65],[2,19],[-4,21],[-1,34],[-7,1],[-1,18],[-9,48],[0,26],[-5,31],[-12,53],[-10,-12],[-2,-16],[-12,-43],[-12,-8],[-1,37],[-6,21],[2,25],[-7,2],[-9,32],[-8,13],[7,0],[-1,21],[-8,6],[-5,-19],[-11,-1],[0,35],[-7,-45],[-6,-13],[3,24],[-2,12]],[[2622,2303],[4,-53],[33,-14],[41,-16],[1,-38],[4,1],[0,72],[4,14],[11,-22]],[[2737,2500],[-2,-32],[-6,-25],[-4,-32],[-1,-34],[3,-26],[-3,-19],[-3,10],[-1,-95]],[[2606,3062],[35,0]],[[2641,3062],[34,3]],[[2675,3065],[-7,-56],[10,-43],[3,0],[9,-98],[9,-36],[2,-31],[7,-26],[0,-22],[5,-39],[7,-23],[3,-54],[0,-31],[6,-20],[1,-68],[7,-18]],[[2528,2187],[-2,-13],[-8,6],[-2,12],[-12,-19],[-1,11],[-4,-37],[-2,2]],[[2475,3065],[59,-1]],[[2802,2852],[-6,-20],[-12,-91],[0,-27],[-8,-32],[-1,9],[-5,-42],[-8,-39],[-13,-28],[1,-19],[-6,-19],[-7,-44]],[[2675,3065],[12,23],[13,15],[33,-10],[7,-35],[0,-26],[32,-6],[11,-68],[19,-106]],[[2545,4492],[-1,-48],[5,-40],[3,-58]],[[2552,4346],[0,-451],[-4,-46],[4,-29],[0,-55],[-6,-53],[-7,-36],[-1,-78]],[[2538,3598],[-3,-19],[1,-43],[-10,-12],[0,-65],[-12,29],[-5,-7],[-3,-28],[2,-12]],[[2466,4495],[39,-2],[40,-1]],[[2628,4340],[0,-495]],[[2628,3845],[-2,-14],[3,-25],[-10,-36],[-9,4],[1,-35],[-6,-22],[-2,-29],[-6,-22],[0,-27],[-4,-9],[-6,18],[0,16],[-7,-20],[0,-21],[-6,-5],[-3,14],[-5,-11],[-1,-23],[-10,28],[-5,-18],[-9,13],[-3,-23]],[[2552,4346],[9,-18],[10,24]],[[2571,4352],[57,0],[0,-12]],[[2497,3351],[-1,0]],[[2690,3716],[-1,-52],[9,-89],[9,-27]],[[2707,3548],[-11,-53],[-9,-23],[-5,-47],[-7,-27],[-15,-29]],[[2660,3369],[-2,-2],[-47,6],[-32,7],[-36,-2],[-6,9],[1,-37],[-39,0]],[[2628,3845],[10,2],[4,-16],[2,-38],[11,-14],[5,-23],[4,15],[6,-20],[12,27],[0,-23],[8,-39]],[[2877,3360],[0,0]],[[2877,3360],[4,-80],[-3,38],[-1,42]],[[2873,3360],[1,0]],[[2876,3360],[-3,0]],[[2875,3360],[1,0]],[[2874,3360],[1,0]],[[2873,3360],[6,-75],[-4,18],[-7,-29],[-9,-17],[-5,9],[-1,-21],[18,10],[1,-60],[2,39],[4,14],[3,-17],[0,-47],[-4,2],[-4,-41],[-4,-14],[-12,8],[-11,18],[8,-26],[6,-8],[-2,-35],[-8,-25],[-7,32],[5,-37],[5,-10],[3,14],[10,-6],[-7,-42],[-17,-11],[-17,-68],[-4,-35],[-1,-35],[-4,-11],[-9,5],[-5,-7]],[[2641,3062],[1,47],[6,4],[2,32],[8,28],[7,1],[6,26],[8,14],[2,32],[8,20],[1,-18],[10,37],[4,-12],[4,39],[7,36],[1,23]],[[2716,3371],[10,-7],[33,-6],[24,0],[55,0],[35,2]],[[2747,4140],[-4,-7],[2,-64],[-4,-37],[-3,-86],[-7,-33],[-7,-20],[-3,9],[-8,-39],[0,-48],[-5,-11],[-2,27],[-4,-25],[-1,-57],[-4,-30],[-7,-3]],[[2628,4340],[37,6]],[[2665,4346],[13,-34],[6,5],[0,-19],[10,-16],[11,23],[10,2],[9,39],[23,48]],[[2747,4394],[0,-254]],[[2660,3369],[48,0],[8,2]],[[2875,3360],[1,0]],[[2883,3630],[8,9]],[[2891,3639],[-15,-131],[-1,-39],[-2,14],[1,49],[9,98]],[[2894,3639],[0,1]],[[2894,3640],[0,-1]],[[2825,3890],[8,-24],[-2,-14],[11,-39]],[[2842,3813],[2,-6]],[[2844,3807],[0,-36],[-4,-8],[-4,-41],[3,-23],[6,9],[2,-32],[10,-16],[2,-20],[8,-26],[-3,-49],[-4,6],[-10,53],[7,-54],[8,-16],[2,-33],[-6,-4],[5,-66],[-5,-11],[-5,28],[-1,-14],[5,-30],[6,14],[8,-9],[3,-69]],[[2877,3360],[-3,30],[0,-30]],[[2873,3360],[0,0]],[[2707,3548],[1,-32],[8,-30],[9,18],[3,-11],[8,9],[2,25],[4,-9],[12,25],[2,57],[12,87],[4,62],[4,-23],[6,-9],[8,80],[3,-11],[13,69],[3,56],[13,-56],[3,35]],[[2566,5025],[-5,-79],[-3,-12],[-2,28],[10,63]],[[2472,5272],[5,-15],[3,-33],[28,-36],[8,-23],[18,-14],[2,-30],[6,-7],[3,-50],[-2,-27],[6,-2],[-3,-28],[4,-18]],[[2550,4989],[-11,-73],[2,-34],[8,52],[5,14],[4,-16],[-5,-53],[0,-66],[-6,-41],[0,-58],[-5,-60],[0,-64],[4,-45],[-1,-53]],[[2425,5306],[4,-15],[15,18],[6,20],[12,6],[-5,-62],[8,9],[7,-10]],[[2777,3964],[-1,-98],[12,52],[3,-6],[6,34],[2,-17],[6,-1],[1,18],[7,15],[9,-17],[3,-54]],[[2747,4140],[0,-176],[30,0]],[[2889,3980],[-5,-39],[1,-32],[5,-32],[0,-41],[4,-37],[5,-11],[1,-65]],[[2900,3723],[0,-1]],[[2900,3722],[-1,1]],[[2899,3723],[-17,1],[-2,128],[-1,112]],[[2879,3964],[3,18],[7,-2]],[[2845,3788],[-1,19]],[[2842,3813],[6,-7],[-3,-18]],[[2894,3639],[0,1]],[[2900,3723],[0,-1]],[[2899,3723],[-2,-43],[-6,-41]],[[2883,3630],[-6,12],[3,24],[-4,0],[-2,39],[-2,-25],[-8,50],[10,17],[-8,32],[2,36],[-2,46],[4,36],[8,32],[-7,3],[1,-16],[-12,-30],[-1,-28],[3,-24],[-3,-35],[0,-62],[3,-40],[-7,25],[9,-55],[0,-21],[-9,34],[-9,21],[-1,18],[-7,-9],[0,23],[7,36],[0,19]],[[2777,3964],[54,0],[48,0]],[[2901,4019],[7,23],[-6,50],[-6,34],[0,37],[4,23],[-3,16],[4,14],[7,57],[2,2]],[[2910,4275],[22,-69]],[[2932,4206],[-5,-62],[-4,-6],[-1,-33],[7,-11],[1,-25],[-5,-105],[-9,-62],[2,-7],[-7,-30],[-6,-50],[-3,-2],[2,48],[-7,0],[-9,50],[-2,30],[5,41],[8,16],[2,21]],[[2978,4233],[-5,-13],[-2,-32],[5,23],[13,7],[-22,-49],[-14,-19],[-24,-26],[1,35],[6,4],[1,19],[9,15],[22,9],[10,27]],[[2939,4208],[-8,-38],[2,67],[-3,20],[2,-51]],[[2910,4275],[-9,30],[-1,50],[-8,42],[-31,0],[-65,1],[-27,0],[0,51]],[[2769,4449],[17,60],[8,45],[-2,49],[-4,4],[0,34],[19,23],[18,-10],[4,-17],[6,8],[11,-4],[8,12],[8,37],[6,6],[-3,59],[7,21],[-9,28],[17,57],[-1,12],[15,70],[7,21],[7,5],[39,1]],[[2901,4019],[-12,-39]],[[2747,4394],[22,55]],[[3091,4838],[-7,-7],[5,30],[2,-23]],[[3010,5027],[7,-3],[4,54],[8,28],[4,33],[0,68],[6,36],[1,50],[22,145],[5,-8],[0,-34],[4,-10],[10,21],[10,8],[11,-51],[0,-250],[4,-29],[6,-1],[-2,-22],[1,-42],[10,-31],[2,-30],[-5,-9],[7,-18],[-7,-31],[-10,-6],[-4,-19],[-3,14],[-7,-47],[-1,27],[-12,-14],[0,-32],[-8,41],[-4,-4],[-4,-80],[-4,-16],[-4,18],[-3,-36],[-2,24],[-7,-48],[-1,25],[-4,2],[-6,-28],[1,-28],[-4,-1],[-1,-31],[-6,-21],[-4,-37]],[[2608,5083],[-3,2],[4,31],[-1,-33]],[[2571,4352],[6,22],[7,72],[5,87],[0,49],[-9,121],[3,35],[-3,57],[8,63],[0,46],[4,17],[1,33],[7,5],[5,46],[2,-81],[5,47],[0,54],[13,26],[-5,11],[3,53],[7,7],[8,-25],[4,1],[5,-31],[5,-2],[15,-37],[4,-51],[-5,5],[4,-41],[-1,-100],[-6,-19],[-4,-42],[-5,-4],[-2,-50],[7,-23],[6,23],[6,50],[9,16],[6,-18],[3,-32],[4,-135],[2,-23],[-3,-68],[-8,8],[-2,-47],[-8,-35],[-1,-37],[-8,-59]],[[2663,5174],[1,-27],[-10,11],[9,16]],[[2472,5272],[11,19],[6,27],[11,5],[13,32],[8,39],[7,-69],[14,10],[6,-19],[9,-58],[11,3],[9,-18],[4,22],[10,26],[17,-1],[9,17],[5,-7],[-1,-42],[14,-18],[5,19],[7,0],[-4,-59],[11,-38],[-3,-10],[-19,16],[-2,-37],[-7,31],[-11,19],[-7,-23],[-17,-7],[-3,-27],[-10,-30],[5,41],[-7,-2],[-2,-26],[-6,1],[-14,-103],[-1,-16]],[[2547,5432],[-14,-40],[-6,-44],[0,23],[-5,6],[5,44],[8,19],[12,-8]],[[2525,5573],[-2,-21],[-16,-44],[-2,17],[20,48]],[[9971,6234],[14,-46],[-1,-10],[-13,56]],[[36,6274],[1,-30],[-9,-6],[4,22],[-6,19],[6,8],[4,-13]],[[56,6251],[-14,-5],[11,22],[3,-17]],[[71,6295],[-1,-25],[5,-17],[-10,-25],[-5,7],[6,26],[-1,32],[6,2]],[[9996,6279],[-5,7],[5,22],[0,-29]],[[9938,6300],[1,-13],[-11,-5],[10,18]],[[155,6331],[17,-13],[-13,-9],[-14,5],[-4,12],[14,5]],[[188,6358],[-7,-7],[6,27],[1,-20]],[[140,6378],[4,-16],[-13,-52],[-18,-7],[4,19],[10,0],[9,21],[-5,18],[9,17]],[[9832,6398],[-1,-27],[-10,7],[11,20]],[[238,6419],[-8,-6],[5,22],[3,-16]],[[260,6472],[3,-21],[-9,11],[6,10]],[[9807,6493],[7,-1],[8,-32],[-9,0],[-4,-15],[-4,24],[-9,9],[11,15]],[[310,6601],[5,-9],[0,-27],[-14,-26],[-1,-23],[-12,-40],[-6,-9],[9,69],[10,13],[-1,32],[10,20]],[[344,6677],[5,-1],[0,-24],[5,22],[-2,-39],[6,-12],[-10,-16],[0,-21],[-7,-3],[-25,-38],[2,20],[6,0],[10,16],[3,44],[10,4],[-13,20],[0,16],[10,12]],[[370,6716],[5,-16],[-10,-10],[-3,16],[8,10]],[[428,6885],[5,-2],[7,-57],[-5,-22],[-17,-2],[-8,-36],[-12,-2],[-3,31],[7,17],[5,39],[8,1],[13,33]],[[1291,6906],[3,-23],[-5,-3],[2,26]],[[1284,6909],[3,-46],[7,-51],[-10,38],[-5,41],[5,18]],[[1331,6897],[0,-21],[-7,-2],[2,52],[5,-29]],[[535,6915],[2,-16],[-10,-41],[8,57]],[[513,6931],[4,16],[1,-42],[-7,0],[-2,38],[4,-12]],[[1317,6952],[7,-29],[-7,-12],[0,41]],[[657,7023],[-5,9],[5,16],[0,-25]],[[1335,7053],[7,-61],[-1,-45],[-5,-38],[-14,32],[-5,21],[5,16],[0,54],[13,21]],[[1275,7094],[-1,-25],[-11,-16],[2,23],[10,18]],[[1299,7101],[12,-19],[-8,-34],[-2,28],[-8,14],[5,37],[5,0],[-4,-26]],[[1269,7130],[10,-3],[5,-32],[-1,-21],[13,-24],[7,-53],[-5,-27],[8,-10],[8,-38],[-2,-34],[3,-45],[-3,-28],[-9,20],[-1,33],[-4,-6],[0,33],[-10,28],[-9,5],[5,11],[-1,45],[-8,9],[4,49],[-1,54],[-10,8],[1,26]],[[1294,7148],[0,-32],[-5,-6],[-5,17],[2,19],[8,2]],[[1308,7130],[4,0],[0,-40],[-9,23],[0,45],[5,-28]],[[1289,7217],[9,-41],[-11,-14],[2,55]],[[1258,7229],[2,-29],[5,10],[0,-33],[-5,-31],[1,-25],[-6,-55],[-4,13],[0,65],[5,-9],[0,33],[-8,1],[6,19],[-8,8],[0,29],[12,4]],[[1264,7269],[20,-18],[3,-15],[0,-55],[-12,42],[6,-69],[-15,-2],[-1,69],[-9,36],[8,12]],[[723,7288],[7,-9],[-8,-10],[1,19]],[[1213,7300],[-1,-44],[-7,-4],[2,66],[6,-18]],[[1218,7340],[12,-11],[3,-25],[7,-88],[0,-112],[-4,2],[-8,55],[2,36],[-4,-16],[-1,35],[-5,5],[1,42],[-11,61],[4,28],[4,-12]],[[728,7431],[7,-19],[8,16],[0,-57],[9,3],[-14,-63],[-18,-12],[-10,-43],[-1,-28],[-13,-22],[9,74],[-19,-2],[4,-14],[7,9],[-3,-37],[-8,16],[0,36],[-9,30],[5,37],[12,28],[6,-6],[6,-61],[-4,98],[5,12],[15,-21],[-3,42],[9,-16]],[[1192,7448],[-3,-32],[-4,32],[7,0]],[[723,7464],[7,-20],[-13,12],[6,8]],[[1209,7488],[8,-19],[15,-19],[0,-42],[-9,-4],[-8,20],[5,-32],[11,8],[2,-48],[-5,-9],[-19,49],[5,-49],[-9,-14],[-3,46],[-12,40],[0,45],[5,26],[8,-10],[6,12]],[[1232,7516],[5,-39],[16,-1],[7,-70],[0,-23],[-10,76],[0,-47],[9,-37],[0,-63],[-6,16],[0,-39],[-12,-33],[-1,41],[5,16],[-7,55],[-1,95],[-5,20],[0,33]],[[738,7534],[19,-23],[-2,-33],[-8,14],[-14,-49],[-11,34],[8,1],[-6,18],[10,-2],[-2,25],[6,15]],[[743,7535],[-5,8],[9,16],[-4,-24]],[[509,7569],[-6,-20],[0,30],[10,20],[-4,-30]],[[892,7893],[5,-9],[-12,-46],[-3,-40],[-12,-14],[5,43],[14,45],[3,21]],[[362,7900],[13,-17],[0,-50],[4,-20],[-19,-26],[-12,11],[-19,43],[-4,25],[18,1],[10,32],[9,1]],[[907,7915],[13,-6],[-13,-37],[0,43]],[[875,7922],[0,-60],[-5,18],[5,42]],[[183,7900],[-5,-6],[-9,39],[14,-33]],[[207,8549],[1,-19],[21,-24],[7,21],[9,3],[10,-40],[12,-24],[24,-10],[-4,-28],[-12,3],[-13,-41],[-3,31],[-12,14],[2,12],[-19,38],[-15,-27],[-13,31],[5,60]],[[633,9997],[0,-26],[21,-17],[3,-18],[-14,-21],[4,-28],[10,3],[10,54],[17,-20],[-3,-25],[13,-21],[8,23],[18,7],[27,-15],[-4,-57],[19,1],[-5,-22],[21,-1],[22,11],[-1,-15],[27,20],[36,-32],[11,-23],[19,-13],[35,0],[16,-32],[16,-5],[18,21],[23,6],[17,-19],[10,-31],[27,-43],[8,4],[0,-583],[1,-28],[0,-1170],[13,-15],[2,15],[12,-21],[9,27],[16,4],[-2,-52],[13,-31],[3,-30],[28,-98],[3,-66],[17,48],[8,5],[7,80],[23,38],[13,-42],[2,-52],[7,-11],[9,-36],[5,-40],[9,-20],[15,-63],[0,-22],[6,-32],[17,-119],[9,-57],[-4,-22],[9,-10],[-3,-33],[8,-12],[0,-38],[9,0],[11,-35],[8,-7],[12,-46],[8,-5],[4,-38],[-5,-20],[0,-48],[5,-50],[-10,-72],[-9,-26],[-8,5],[-1,50],[-2,24],[6,24],[-1,83],[-8,39],[-10,7],[-5,-20],[-6,-72],[-7,21],[-2,27],[6,8],[3,31],[-1,77],[-11,30],[1,21],[-6,-1],[0,24],[-9,30],[0,23],[-19,27],[9,27],[-13,57],[4,59],[-5,-26],[-9,53],[0,65],[-5,-40],[-8,28],[-6,5],[-6,65],[-5,23],[-3,51],[-3,8],[-2,-40],[5,-32],[5,-80],[-2,-25],[-13,39],[-9,-8],[1,34],[-6,51],[-4,-14],[-18,40],[-5,-9],[12,-15],[15,-61],[0,-32],[-18,-7],[-11,16],[-22,76],[0,18],[-14,41],[-21,40],[-19,44],[7,7],[4,26],[-4,34],[-20,-37],[-15,8],[-17,29],[5,32],[-12,-19],[-7,11],[-23,16],[-31,-21],[-9,28],[-19,30],[2,58],[-10,-45],[-20,17],[8,42],[-17,-6],[6,24],[-12,-17],[-2,11],[13,19],[-4,10],[-11,-12],[-4,24],[-15,5],[-7,-14],[0,46],[-3,-25],[2,-29],[-5,-7],[-9,23],[10,61],[-10,-47],[-1,18],[-8,-11],[3,-19],[-3,-62],[4,24],[9,-62],[-7,-4],[-5,-30],[-1,-38],[-6,-26],[-22,14],[-6,-35],[-4,26],[0,-55],[-5,21],[-1,-27],[-27,-58],[-9,-2],[4,-20],[-9,10],[-4,-16],[-9,8],[0,37],[18,27],[8,43],[-13,-26],[-9,8],[-2,21],[3,47],[9,40],[4,57],[-5,31],[12,18],[16,43],[12,-23],[6,12],[19,-18],[-27,51],[12,49],[11,17],[-10,-3],[-10,-45],[-13,1],[-4,14],[-12,-27],[-3,-23],[-18,-28],[-1,-31],[-14,-47],[1,-21],[-9,-32],[-9,5],[9,-40],[-4,-26],[-13,-7],[6,-7],[-1,-24],[-18,-14],[-3,-38],[-10,-15],[-1,-61],[12,7],[12,-26],[-2,-33],[-8,-27],[-7,-1],[-6,-76],[-12,-17],[1,-18],[-13,0],[-1,-27],[-7,-2],[-1,-27],[-9,8],[-2,-43],[-8,4],[-15,-56],[6,5],[0,-22],[-6,-40],[-6,13],[-12,-52],[-6,17],[-4,-27],[2,-19],[-8,10],[-21,-59],[9,-14],[-1,-24],[-13,-26],[-9,-27],[-10,-6],[-5,-40],[-1,30],[-13,-2],[-2,-26],[-7,-1],[-2,-32],[-3,23],[-5,-30],[-4,12],[-10,-30],[-8,2],[4,39],[-6,8],[-3,-40],[-6,-53],[-8,4],[0,-20],[-7,2],[-3,16],[-5,-36],[-13,36],[4,-40],[-6,-21],[-1,58],[20,50],[10,60],[13,36],[11,15],[12,-5],[5,-42],[1,28],[8,-13],[7,8],[-10,21],[5,63],[18,57],[13,19],[9,31],[7,-10],[0,45],[10,54],[18,50],[0,13],[6,166],[12,41],[0,31],[-31,-52],[-11,36],[1,38],[-10,-57],[5,-43],[-4,-14],[-6,10],[-12,67],[-6,23],[-5,-31],[-2,19],[-8,4],[-4,35],[-10,-34],[-13,-21],[-5,-24],[-13,2],[2,61],[6,24],[-10,-7],[-1,52],[7,29],[-10,88],[-9,38],[4,87],[-6,-51],[0,-64],[-18,-31],[-22,-10],[-7,12],[1,27],[-28,81],[5,17],[-13,-1],[12,37],[-1,15],[10,25],[0,-18],[11,-6],[4,-25],[8,21],[2,-37],[9,21],[-2,23],[-13,9],[-17,-1],[0,11],[-18,13],[4,16],[-9,31],[2,-30],[-8,19],[0,23],[-9,21],[5,13],[-10,32],[9,9],[-9,26],[14,6],[-2,51],[19,81],[10,-30],[2,13],[-6,31],[-3,43],[7,36],[10,-4],[-9,23],[14,25],[10,-7],[12,-37],[6,5],[15,42],[9,40],[3,-11],[26,14],[10,37],[3,24],[-5,43],[-1,41],[-14,47],[11,-3],[8,28],[-3,32],[-9,24],[-6,-31],[-9,4],[-21,-46],[-8,-39],[-3,31],[-10,26],[-4,-12],[9,-18],[-1,-15],[-11,29],[-25,1],[-17,-23],[-32,26],[-9,26],[2,35],[-16,47],[13,-4],[1,21],[11,4],[-24,23],[-12,2],[-19,37],[21,59],[4,-8],[24,61],[15,-14],[8,9],[-12,17],[12,31],[11,1],[11,27],[26,10],[-2,-60],[-9,-18],[14,-22],[25,5],[3,-12],[14,7],[6,-17],[11,54],[16,-6],[-16,32],[-11,-8],[1,30],[-9,35],[-6,4],[-5,33],[10,7],[6,-29],[-1,-24],[13,-39],[11,16],[12,-31],[16,7],[0,23],[-19,26],[-16,-26],[-12,33],[4,47],[-3,19],[-16,-12],[-34,21],[-11,87],[-39,96],[-14,14],[-16,42],[9,43],[0,57],[15,-4],[37,13],[20,36],[14,49],[0,44],[5,35],[28,101],[17,-12],[12,17],[21,48],[6,0],[-4,-53],[6,34],[-2,26],[6,31],[19,-4],[28,11],[22,44],[11,46],[12,18]]],"transform":{"scale":[0.0358960334509451,0.005251163636663664],"translate":[-179.14350338399993,18.90611714300016]}}